<?xml version="1.0" encoding="UTF-8"?>
<beans xmlns="http://www.springframework.org/schema/beans" xmlns:xsi="http://www.w3.org/2001/XMLSchema-instance"
    xsi:schemaLocation="http://www.springframework.org/schema/beans http://www.springframework.org/schema/beans/spring-beans-4.0.xsd">

    <bean name="egovMenuIdGnrService" class="egovframework.rte.fdl.idgnr.impl.EgovTableIdGnrServiceImpl" destroy-method="destroy">
        <property name="dataSource" ref="egov.dataSource" />
        <property name="strategy"   ref="menuStrategy" />
        <property name="blockSize"  value="1"/>
        <property name="table"      value="COMTECOPSEQ"/>
        <property name="tableName"  value="MENU_ID"/>
    </bean>
    <bean name="menuStrategy" class="egovframework.rte.fdl.idgnr.impl.strategy.EgovIdGnrStrategyImpl">
        <property name="prefix"   value="MENU_" />
        <property name="cipers"   value="10" />
        <property name="fillChar" value="0" />
    </bean>
</beans>