<?xml version="1.0" encoding="UTF-8"?>
<beans xmlns="http://www.springframework.org/schema/beans" xmlns:xsi="http://www.w3.org/2001/XMLSchema-instance"
    xsi:schemaLocation="http://www.springframework.org/schema/beans http://www.springframework.org/schema/beans/spring-beans-4.0.xsd">

    <bean name="BbsMstrIdGnrService" class="egovframework.rte.fdl.idgnr.impl.EgovTableIdGnrServiceImpl" destroy-method="destroy">
        <property name="dataSource" ref="egov.dataSource" />
        <property name="strategy"   ref="bbsMstrStrategy" />
        <property name="blockSize"  value="10"/>
        <property name="table"      value="COMTECOPSEQ"/>
        <property name="tableName"  value="BBS_ID"/>
    </bean>
    <bean name="bbsMstrStrategy" class="egovframework.rte.fdl.idgnr.impl.strategy.EgovIdGnrStrategyImpl">
        <property name="prefix"   value="BBSMSTR_" />
        <property name="cipers"   value="12" />
        <property name="fillChar" value="0" />
    </bean> 
    
    <!-- 게시판용 NTT_ID 생성 -->
    <bean name="NttNoGnrService" class="egovframework.rte.fdl.idgnr.impl.EgovTableIdGnrServiceImpl" destroy-method="destroy">
        <property name="dataSource" ref="egov.dataSource" />
        <property name="strategy"   ref="nttNoStrategy" />
        <property name="blockSize"  value="10"/>
        <property name="table"      value="COMTECOPSEQ"/>
        <property name="tableName"  value="NTT_NO"/>
    </bean>
    <bean name="nttNoStrategy" class="egovframework.rte.fdl.idgnr.impl.strategy.EgovIdGnrStrategyImpl">
        <property name="cipers"   value="20" />
    </bean> 

</beans>