<?xml version="1.0" encoding="UTF-8"?>
<!DOCTYPE mapper PUBLIC "-//mybatis.org//DTD Mapper 3.0//EN" 
"http://mybatis.org/dtd/mybatis-3-mapper.dtd">

<mapper namespace="EgovUserInfManageDAO">

	<resultMap id="UserInfs" type="egovframework.com.cop.com.service.UserInfVO">
		<result property="uniqId" column="ESNTL_ID"/>
		<result property="userId" column="USER_ID"/>
		<result property="userNm" column="USER_NM"/>
		<result property="userZip" column="USER_ZIP"/>
		<result property="userAdres" column="USER_ADRES"/>
		<result property="userEmail" column="USER_EMAIL"/>
	</resultMap>
	
	<resultMap id="UserInfList" type="egovframework.com.cop.com.service.UserInfVO">
		<result property="uniqId" column="ESNTL_ID" />
		<result property="userId" column="USER_ID" />
		<result property="userNm" column="USER_NM" />
		<result property="userZip" column="USER_ZIP" />
		<result property="userAdres" column="USER_ADRES" />
		<result property="userEmail" column="USER_EMAIL" />
		<result property="useAt" column="USE_AT" />
		<result property="deletedAt" column="DELETED_AT"/>
	</resultMap>
	
	<resultMap id="AllUserInfList" type="egovframework.com.cop.com.service.UserInfVO">
		<result property="uniqId" column="ESNTL_ID" />
		<result property="trgetId" column="TRGET_ID" />
	</resultMap>	

 	<select id="selectUserList" parameterType="UserInfVO" resultMap="UserInfs" >
 		<![CDATA[
			SELECT 
				ESNTL_ID, USER_ID, USER_NM, USER_ZIP, USER_ADRES, USER_EMAIL
			FROM 
				COMVNUSERMASTER
			WHERE 1=1 
 		]]>
			<if test='searchCnd != null and searchCnd != "" and searchCnd == "0"'>
				<![CDATA[ AND USER_NM LIKE CONCAT ('%', #{searchWrd},'%') 		]]>
			</if>
		<![CDATA[			
			ORDER BY USER_NM 
			LIMIT #{recordCountPerPage} OFFSET #{firstIndex}
		]]>					
 	</select>
 	
	<select id="selectUserListCnt" parameterType="UserInfVO" resultType="java.lang.Integer" >
		<![CDATA[
			SELECT 
				COUNT(ESNTL_ID)
			FROM 
				COMVNUSERMASTER
			WHERE 1=1 
		]]>
			<if test='searchCnd != null and searchCnd != "" and searchCnd == "0"'>
				<![CDATA[ AND USER_NM LIKE CONCAT ('%', #{searchWrd},'%') 		]]>
			</if>	
	</select>	
 
	<select id="selectCmmntyUserList" parameterType="UserInfVO" resultMap="UserInfList" >
 		<![CDATA[
			SELECT 
				a.ESNTL_ID, a.USER_ID, a.USER_NM, a.USER_ZIP, a.USER_ADRES, a.USER_EMAIL, b.USE_AT,
				(SELECT USE_AT from COMTNCMMNTY WHERE CMMNTY_ID = #trgetId#) AS DELETED_AT
			FROM 
				COMVNUSERMASTER a, COMTNCMMNTYUSER b
			WHERE 
				a.ESNTL_ID = b.EMPLYR_ID 
			AND
				b.CMMNTY_ID = #{trgetId}
 		]]>
			<if test='searchCnd != null and searchCnd != "" and searchCnd == "0"'>
				<![CDATA[AND	a.USER_NM LIKE CONCAT ('%', #{searchWrd},'%') 		]]>
			</if>
		<![CDATA[			
			ORDER BY a.USER_NM 
			LIMIT #{recordCountPerPage} OFFSET #{firstIndex}
		]]>				
 	</select>
 	
	<select id="selectCmmntyUserListCnt" parameterType="UserInfVO" resultType="java.lang.Integer" >
		<![CDATA[
			SELECT 
				COUNT(a.ESNTL_ID)
			FROM 
				COMVNUSERMASTER a, COMTNCMMNTYUSER b
			WHERE 
				a.ESNTL_ID = b.EMPLYR_ID
			AND
				b.CMMNTY_ID =  #{trgetId}
		]]>
			<if test='searchCnd != null and searchCnd != "" and searchCnd == "0"'>
				<![CDATA[AND	a.USER_NM LIKE CONCAT ('%', #{searchWrd},'%') 		]]>
			</if>		
	</select>
 

	<select id="selectCmmntyMngrList" parameterType="UserInfVO" resultMap="UserInfList" >
 		<![CDATA[
			SELECT 
				a.ESNTL_ID, a.USER_ID, a.USER_NM, a.USER_ZIP, a.USER_ADRES, a.USER_EMAIL, b.USE_AT, 
				(SELECT USE_AT from COMTNCMMNTY WHERE CMMNTY_ID =  #{trgetId}) AS DELETED_AT
			FROM 
				COMVNUSERMASTER a, COMTNCMMNTYUSER b
			WHERE 
				a.ESNTL_ID = b.EMPLYR_ID 
			AND
				b.MNGR_AT = 'Y'
			AND
				b.CMMNTY_ID =  #{trgetId}				
 		]]>
			<if test='searchCnd != null and searchCnd != "" and searchCnd == "0"'>
				<![CDATA[AND	a.USER_NM LIKE CONCAT ('%', #{searchWrd},'%') 		]]>
			</if>
		<![CDATA[			
			ORDER BY a.USER_NM 
			LIMIT #{recordCountPerPage} OFFSET #{firstIndex}
		]]>				
 	</select>
 	
	<select id="selectCmmntyMngrListCnt" parameterType="UserInfVO" resultType="java.lang.Integer" >
		<![CDATA[
			SELECT 
				COUNT(a.ESNTL_ID)
			FROM 
				COMVNUSERMASTER a, COMTNCMMNTYUSER b
			WHERE 
				a.ESNTL_ID = b.EMPLYR_ID 
			AND
				b.MNGR_AT = 'Y'
			AND
				b.CMMNTY_ID = #{trgetId}			
		]]>
			<if test='searchCnd != null and searchCnd != "" and searchCnd == "0"'>
				<![CDATA[AND	a.USER_NM LIKE CONCAT ('%', #{searchWrd},'%') 		]]>
			</if>	
	</select>
	

	<select id="selectClubUserList" parameterType="UserInfVO" resultMap="UserInfList" >
 		<![CDATA[
			SELECT 
				a.ESNTL_ID, a.USER_ID, a.USER_NM, a.USER_ZIP, a.USER_ADRES, a.USER_EMAIL, b.USE_AT,
				(SELECT USE_AT from COMTNCLUB WHERE CLB_ID = #{trgetId}) AS DELETED_AT
			FROM 
				COMVNUSERMASTER a, COMTNCLUBUSER b
			WHERE 
				a.ESNTL_ID = b.EMPLYR_ID 
			AND
				b.CLB_ID = #{trgetId}				
 		]]>
			<if test='searchCnd != null and searchCnd != "" and searchCnd == "0"'>
				<![CDATA[AND	a.USER_NM LIKE CONCAT ('%', #{searchWrd},'%') 		]]>
			</if>
		<![CDATA[			
			ORDER BY a.USER_NM 
			LIMIT #{recordCountPerPage} OFFSET #{firstIndex}
		]]>				
 	</select>
 	
	<select id="selectClubUserListCnt" parameterType="UserInfVO" resultType="java.lang.Integer" >
		<![CDATA[
			SELECT 
				COUNT(a.ESNTL_ID)
			FROM 
				COMVNUSERMASTER a, COMTNCLUBUSER b
			WHERE 
				a.ESNTL_ID = b.EMPLYR_ID 
			AND
				b.CLB_ID = #{trgetId}						
		]]>
			<if test='searchCnd != null and searchCnd != "" and searchCnd == "0"'>
				<![CDATA[ AND	a.USER_NM LIKE CONCAT ('%', #{searchWrd},'%') 		]]>
			</if>		
	</select>

	<select id="selectClubOprtrList" parameterType="UserInfVO" resultMap="UserInfList" >
 		<![CDATA[
			SELECT 
				a.ESNTL_ID, a.USER_ID, a.USER_NM, a.USER_ZIP, a.USER_ADRES, a.USER_EMAIL, b.USE_AT,
				(SELECT USE_AT from COMTNCLUB WHERE CLB_ID = #{trgetId}	) AS DELETED_AT
			FROM 
				COMVNUSERMASTER a, COMTNCLUBUSER b
			WHERE 
				a.ESNTL_ID = b.EMPLYR_ID 
			AND
				b.OPRTR_AT = 'Y'
			AND
				b.CLB_ID = #{trgetId}							
 		]]>
			<if test='searchCnd != null and searchCnd != "" and searchCnd == "0"'>
				<![CDATA[AND	a.USER_NM LIKE CONCAT ('%', #{searchWrd},'%') 		]]>
			</if>
		<![CDATA[			
			ORDER BY a.USER_NM 
			LIMIT #{recordCountPerPage} OFFSET #{firstIndex}
		]]>				
 	</select>
 	
	<select id="selectClubOprtrListCnt" parameterType="UserInfVO" resultType="java.lang.Integer" >
		<![CDATA[
			SELECT 
				COUNT(a.ESNTL_ID)
			FROM 
				COMVNUSERMASTER a, COMTNCLUBUSER b
			WHERE 
				a.ESNTL_ID = b.EMPLYR_ID 
			AND
				b.OPRTR_AT = 'Y'
			AND
				b.CLB_ID = #{trgetId}						
		]]>
			<if test='searchCnd != null and searchCnd != "" and searchCnd == "0"'>
				<![CDATA[AND	a.USER_NM LIKE CONCAT ('%', #{searchWrd},'%') 		]]>
			</if>		
	</select>

	<select id="selectAllClubUser" parameterType="UserInfVO" resultMap="AllUserInfList" >
		<![CDATA[
			SELECT EMPLYR_ID as ESNTL_ID, CLB_ID as TRGET_ID 
			FROM COMTNCLUBUSER WHERE USE_AT = 'Y'
			AND CLB_ID = #{trgetId}		
		]]>
	</select>
	
	<select id="selectAllCmmntyUser" parameterType="UserInfVO" resultMap="AllUserInfList" >
		<![CDATA[
			SELECT EMPLYR_ID as ESNTL_ID, CMMNTY_ID as TRGET_ID 
			FROM COMTNCMMNTYUSER WHERE USE_AT = 'Y'
			AND CMMNTY_ID =  #{trgetId}	
		]]>
	</select>	

</mapper>
