<?xml version="1.0" encoding="UTF-8"?>
<Configuration>
    <Appenders>
        <Console name="console" target="SYSTEM_OUT">
            <PatternLayout pattern="%d %5p [%c] %m%n" />
        </Console>
        <!-- 로그 db 저장시 -->
        
        <JDBC name="db" tableName="tb_error_log">
		  	<!-- DB Connection을 제공해줄 클래스와 메서드명 정의 -->
		  	<!-- JDBCAppender가 EgovConnectionFactory.getDatabaseConnection() 메서드를 호출 -->
		  	<ConnectionFactory class="pjrb.cms.errorlog.service.ConnLog4j2" method="getDatabaseConnection" />
		   	<!-- log event가 insert될 컬럼 설정, insert될 값은 PatternLayout의 pattern 사용 -->
		   	<Column name="reg_dt" isEventTimestamp="true" /> 
		   	<Column name="level" pattern="%p" />
		   	<Column name="logger" pattern="%c" />
		   	<Column name="message" pattern="%m" />
		   	<Column name="exception" pattern="%ex{full}" />
		   	<Filters>
				<ThresholdFilter level="INFO" onMatch="DENY" onMismatch="NEUTRAL"/>
				<RegexFilter regex=".*Exception" onMatch="ACCEPT" onMismatch="DENY"/>
				<RegexFilter regex=".*exception.*" onMatch="NEUTRAL" onMismatch="DENY"/>
    	 	</Filters>
		 </JDBC>
		 <!-- 로그 db 저장시 -->
    </Appenders>
    
    <Loggers>
        <Logger name="egovframework" level="DEBUG" additivity="false">
            <AppenderRef ref="console" />
        </Logger>
        <!-- log SQL with timing information, post execution -->
        <logger name="jdbc.sqltiming" level="DEBUG" additivity="false">
            <appender-ref ref="console" />
        </logger>
        <logger name="org.springframework" level="DEBUG" additivity="false">
            <appender-ref ref="console" />
        </logger>
        <logger name="java.sql.Connection" level="DEBUG" additivity="false">
            <appender-ref ref="console" />
        </logger>
        <logger name="java.sql.Statement" level="DEBUG" additivity="false">
                 <param name="ConversionPattern" value="%p - %C{1}  :  %M  %m %n"/>
            <appender-ref ref="console" />
        </logger>
        <logger name="java.sql.PreparedStatement" level="DEBUG" additivity="false">
                 <param name="ConversionPattern" value="%p - %C{1}  :  %M  %m %n"/>
            <appender-ref ref="console" />
        </logger>
        <logger name="java.sql.ResultSet" level="DEBUG" additivity="false">
            <appender-ref ref="console" />
        </logger>
        <Root level="ERROR">
            <AppenderRef ref="console" />
        </Root>
    </Loggers>
</Configuration>
