<?xml version="1.0" encoding="UTF-8"?>
<!DOCTYPE mapper PUBLIC "-//mybatis.org//DTD Mapper 3.0//EN" 
"http://mybatis.org/dtd/mybatis-3-mapper.dtd">

<mapper namespace="cmsAccess">

	<select id="selectAccessIPList" resultType="egovMap">
		SELECT 
			*
		FROM 
			tb_access_ip
		ORDER BY IDX DESC
	</select> 
	
	<select id="selectAccessIPListCnt" resultType="int">
		SELECT 
			COUNT(*)
		FROM 
			tb_access_ip
	</select> 
	
	<insert id="insertAccessIP">
		INSERT INTO tb_access_ip
		(
			NAME,
			IP,
			USE_AT,
			REGIST_DE
		)
		VALUES
		(
			#{name},
			#{ip},
			#{useAt},
			DATE_FORMAT(now(), '%Y-%m-%d')
		)
	</insert>
	
 	<update id="updateAccessIP">
		UPDATE 
			tb_access_ip 
		SET 
			NAME = #{name},
			IP = #{ip},
			USE_AT = #{useAt},
			REGIST_DE = DATE_FORMAT(now(), '%Y-%m-%d')
		WHERE
			IDX=#{idx}
 	</update>
 	
 	<delete id="deleteAccessIP">
		DELETE FROM tb_access_ip 
			WHERE IDX = #{idx} 
	</delete>
	
	<select id="selectAccessLogList" resultType="egovMap">
		SELECT 
			*
		FROM 
			tb_access_log
		WHERE 1=1
		<if test='status != null and status != ""'>
			AND STATUS = #{status}
		</if>
		<if test='searchWrd != null and searchWrd !=""'>
			<if test='searchCnd != null and searchCnd != "" and searchCnd == "all" '>
				AND (
						USER_ID LIKE CONCAT('%',#{searchWrd},'%') OR
						ACCESS_IP LIKE CONCAT('%',#{searchWrd},'%')
					)
			</if>
			<if test='searchCnd != null and searchCnd != "" and searchCnd == "id" '>
				AND USER_ID LIKE CONCAT('%',#{searchWrd},'%')
			</if>
			<if test='searchCnd != null and searchCnd != "" and searchCnd == "ip" '>
				AND ACCESS_IP LIKE CONCAT('%',#{searchWrd},'%')
			</if>
		</if>
		ORDER BY IDX DESC
		<if test='recordCountPerPage > -1'>
			<![CDATA[	LIMIT #{recordCountPerPage} OFFSET #{firstIndex}	]]>
		</if>
	</select> 
	
	<select id="selectAccessLogListCnt" resultType="int">
		SELECT 
			COUNT(*)
		FROM 
			tb_access_log
		WHERE 1=1
		<if test='status != null and status != ""'>
			AND STATUS = #{status}
		</if>
		<if test='searchWrd != null and searchWrd !=""'>
			<if test='searchCnd != null and searchCnd != "" and searchCnd == "all" '>
				AND (
						USER_ID LIKE CONCAT('%',#{searchWrd},'%') OR
						ACCESS_IP LIKE CONCAT('%',#{searchWrd},'%')
					)
			</if>
			<if test='searchCnd != null and searchCnd != "" and searchCnd == "id" '>
				AND USER_ID LIKE CONCAT('%',#{searchWrd},'%')
			</if>
			<if test='searchCnd != null and searchCnd != "" and searchCnd == "ip" '>
				AND ACCESS_IP LIKE CONCAT('%',#{searchWrd},'%')
			</if>
		</if>
	</select> 
	
	<select id="selectAccessActLogList" resultType="egovMap">
		SELECT 
			*
		FROM 
			tb_access_act_log
		WHERE 1=1
		<if test='status != null and status != ""'>
			AND STATUS = #{status}
		</if>
		<if test='searchWrd != null and searchWrd !=""'>
			<if test='searchCnd != null and searchCnd != "" and searchCnd == "all" '>
				AND (
						USER_ID LIKE CONCAT('%',#{searchWrd},'%') OR
						ACCESS_IP LIKE CONCAT('%',#{searchWrd},'%')
					)
			</if>
			<if test='searchCnd != null and searchCnd != "" and searchCnd == "id" '>
				AND USER_ID LIKE CONCAT('%',#{searchWrd},'%')
			</if>
			<if test='searchCnd != null and searchCnd != "" and searchCnd == "ip" '>
				AND ACCESS_IP LIKE CONCAT('%',#{searchWrd},'%')
			</if>
		</if>
		ORDER BY IDX DESC
		<if test='recordCountPerPage > -1'>
			<![CDATA[	LIMIT #{recordCountPerPage} OFFSET #{firstIndex}	]]>
		</if>
	</select> 
	
	<select id="selectAccessActLogListCnt" resultType="int">
		SELECT 
			COUNT(*)
		FROM 
			tb_access_act_log
		WHERE 1=1
		<if test='status != null and status != ""'>
			AND STATUS = #{status}
		</if>
		<if test='searchWrd != null and searchWrd !=""'>
			<if test='searchCnd != null and searchCnd != "" and searchCnd == "all" '>
				AND(
					USER_ID LIKE CONCAT('%',#{searchWrd},'%') OR 
					ACCESS_IP LIKE CONCAT('%',#{searchWrd},'%')
				) 
			</if>
			<if test='searchCnd != null and searchCnd != "" and searchCnd == "id" '>
				AND USER_ID LIKE CONCAT('%',#{searchWrd},'%')
			</if>
			<if test='searchCnd != null and searchCnd != "" and searchCnd == "ip" '>
				AND ACCESS_IP LIKE CONCAT('%',#{searchWrd},'%')
			</if>
		</if>
	</select> 
	
	<insert id="insertAccessLog">
		INSERT INTO tb_access_log
		(
			STATUS,
			USER_ID,
			ACCESS_IP,
			LOG_DATE
		)
		VALUES
		(
			#{status},
			#{userId},
			#{accessIp},
			now()
		)
	</insert>
	
	<insert id="insertAccessActLog">
		INSERT INTO tb_access_act_log
		(
			status,
			user_id,
			access_ip,
			url,
			act,
			atch_file_id,
			log_date
		)
		VALUES
		(
			#{status},
			#{userId},
			#{accessIp},
			#{url},
			#{act},
			#{atchFileId},
			now()
		)
	</insert>
	
</mapper>