<?xml version="1.0" encoding="UTF-8"?>
<!DOCTYPE mapper PUBLIC "-//mybatis.org//DTD Mapper 3.0//EN" 
"http://mybatis.org/dtd/mybatis-3-mapper.dtd">

<mapper namespace="errorLogDAO">

	<select id="selectPjrbErrorLogList" resultType="egovMap">
		SELECT SEQ
			  ,REG_DT
		      ,LEVEL
		      ,LOGGER
		      ,MESSAGE
		      ,EXCEPTION
		FROM TB_ERROR_LOG
		WHERE 1=1
		<if test='searchStartDate != null and searchStartDate != ""'>
			<if test='searchEndDate != null  and searchEndDate != ""'>
			AND	((date_format(#{searchStartDate} , '%Y-%m-%d') <![CDATA[ <= ]]> date_format(REG_DT , '%Y-%m-%d' ))
	   	 		and  
	   	 		(date_format(REG_DT , '%Y-%m-%d' ) <![CDATA[ <= ]]> date_format(#{searchEndDate} , '%Y-%m-%d')))
			</if>
		</if>
		ORDER BY REG_DT DESC
		LIMIT #{recordCountPerPage} OFFSET #{firstIndex}
	</select>
	
	
	<select id="selectPjrbErrorLogListCnt" resultType="int">
		SELECT COUNT(*)
		FROM TB_ERROR_LOG
		WHERE 1=1
		<if test='searchStartDate != null and searchStartDate != ""'>
			<if test='searchEndDate != null  and searchEndDate != ""'>
			AND	((date_format(#{searchStartDate} , '%Y-%m-%d') <![CDATA[ <= ]]> date_format(REG_DT , '%Y-%m-%d' ))
	   	 		and  
	   	 		(date_format(REG_DT , '%Y-%m-%d' ) <![CDATA[ <= ]]> date_format(#{searchEndDate} , '%Y-%m-%d')))
			</if>
		</if>
	</select>
	
	<select id="selectPjrbErrorLogDetail" resultType="egovMap">
		SELECT SEQ
			  ,REG_DT
		      ,LEVEL
		      ,LOGGER
		      ,MESSAGE
		      ,EXCEPTION
		FROM TB_ERROR_LOG
		WHERE SEQ = #{seq}
	
	</select>
	
	<delete id="deletePjrbErrorLog">
		DELETE FROM TB_ERROR_LOG
		WHERE EXCEPTION IS NULL OR EXCEPTION = ''
	</delete>
	
	<insert id="insertPjrbErrorLog">
	
		INSERT INTO TB_ERROR_LOG
			(
				REG_DT
			   ,LEVEL
			   ,LOGGER
			   ,MESSAGE
			   ,EXCEPTION
			)
		VALUES
			(
				now()
			   ,#{level}
			   ,#{logger}
			   ,#{message}
			   ,#{exception}
			)
			
	
	</insert>
	
</mapper>