<?xml version="1.0" encoding="UTF-8"?>
<!DOCTYPE mapper PUBLIC "-//mybatis.org//DTD Mapper 3.0//EN" 
"http://mybatis.org/dtd/mybatis-3-mapper.dtd">

<mapper namespace="cmsGradeDAO">

	
	<select id="gradeList" resultType="egovMap">
		<![CDATA[			
			select * 
			from tb_grade 
			where 1=1
			and grade != '0'
			order by grade asc
		]]>			
	</select>
	
	<update id="gradeUpdate">
			update tb_grade set
				grade_nm = #{gradeNm},
				auth = #{auth},
				mod_date = now()
			where grade = #{grade}
	</update>
	
	<select id="gradeView" resultType="egovMap">
			select *
			from tb_grade 
			where 1=1
			and grade = #{grade}
	</select>
	
	<select id="gradeInfoList" resultType="egovMap">
		<![CDATA[			
			select * 
			from tb_grade_info 
			where 1=1
		]]>			
	</select>
	
	<select id="gradeInfoListCnt" resultType="int">
		select count(*) 
			from tb_grade_info 
			where 1=1
	</select>
	
	<insert id="gradeInfoInsert">
		insert into tb_grade_info (MENU_KEY,MENU_NM) 
		values (#{menuKey},#{menuNm})
	</insert>
	
	<update id="gradeInfoUpdate">
		update tb_grade_info set
			MENU_KEY = #{menuKey},
			MENU_NM = #{menuNm}
		WHERE SEQ = #{seq}
	</update>
	
	<delete id="gradeInfoDelete">
		delete from tb_grade_info where seq = #{seq}		
	</delete>
</mapper>