<beans xmlns="http://www.springframework.org/schema/beans" 
		xmlns:context="http://www.springframework.org/schema/context" 
		xmlns:mvc="http://www.springframework.org/schema/mvc" 
		xmlns:p="http://www.springframework.org/schema/p" 
		xmlns:xsi="http://www.w3.org/2001/XMLSchema-instance" 
		xmlns:aop="http://www.springframework.org/schema/aop"
		xsi:schemaLocation="http://www.springframework.org/schema/beans 
							http://www.springframework.org/schema/beans/spring-beans-4.0.xsd         
							http://www.springframework.org/schema/context 
							http://www.springframework.org/schema/context/spring-context-4.0.xsd         
							http://www.springframework.org/schema/mvc 
							http://www.springframework.org/schema/mvc/spring-mvc-4.0.xsd			
							http://www.springframework.org/schema/aop 
							http://www.springframework.org/schema/aop/spring-aop-4.0.xsd"
>

	<context:component-scan base-package="egovframework,pjrb">
		<context:include-filter expression="org.springframework.stereotype.Controller" type="annotation"/>
		<context:exclude-filter expression="org.springframework.stereotype.Service" type="annotation"/>
		<context:exclude-filter expression="org.springframework.stereotype.Repository" type="annotation"/>
	</context:component-scan>

	<!-- For Pagination Tag -->
	<bean class="egovframework.com.cmm.ImagePaginationRenderer" id="imageRenderer"/>
	<bean class="egovframework.com.cmm.CmsImagePaginationRenderer" id="cmsimageRenderer" />
	
	<bean class="egovframework.rte.ptl.mvc.tags.ui.pagination.DefaultPaginationManager" id="paginationManager">
		<property name="rendererType">
			<map>
				<entry key="image" value-ref="imageRenderer"/>
				<entry key="pjrbcms" value-ref="cmsimageRenderer"/>
			</map>
		</property>
	</bean>
	
    <bean class="org.springframework.web.servlet.mvc.method.annotation.RequestMappingHandlerAdapter">
        <property name="webBindingInitializer">
            <bean class="egovframework.com.cmm.web.EgovBindingInitializer"/>
        </property>
    </bean>
    <bean class="org.springframework.web.servlet.mvc.method.annotation.RequestMappingHandlerMapping"/>

    <!-- IP 정보 기록 및 로그인 체크가 필요한 URL과 로그인 여부를 체크해줄 인터셉터를 등록한다. -->
    <!-- <mvc:interceptors>
        <bean class="egovframework.com.cmm.interceptor.IpObtainInterceptor" />
        <mvc:interceptor>
            <mvc:mapping path="/**/*.do" />
            <mvc:exclude-mapping path="/uat/uia/**" />
            <mvc:exclude-mapping path="/index.do" />
            <mvc:exclude-mapping path="/EgovLeft.do" />
            <mvc:exclude-mapping path="/EgovContent.do" />
            <mvc:exclude-mapping path="/EgovTop.do" />
            <mvc:exclude-mapping path="/EgovBottom.do" />
            <mvc:exclude-mapping path="/uat/uia/egovLoginUsr.do" />
            <mvc:exclude-mapping path="/uat/uia/actionLogin.do" />
            <bean class="egovframework.com.cmm.interceptor.AuthenticInterceptor" />
        </mvc:interceptor>
    </mvc:interceptors> -->

	<!--
	 전정프 기본 Exception 
	<bean class="org.springframework.web.servlet.handler.SimpleMappingExceptionResolver">
		<property name="defaultErrorView" value="egovframework/com/cmm/error/egovError"/>
		<property name="exceptionMappings">
			<props>
				<prop key="org.springframework.dao.DataAccessException">egovframework/com/cmm/error/dataAccessFailure</prop>
				<prop key="org.springframework.transaction.TransactionException">egovframework/com/cmm/error/dataAccessFailure</prop>
				<prop key="egovframework.rte.fdl.cmmn.exception.EgovBizException">egovframework/com/cmm/error/egovBizException</prop>
				<prop key="org.springframework.web.HttpSessionRequiredException">egovframework/com/uat/uia/EgovLoginUsr</prop>
			</props>
		</property>
	</bean>
 -->
 	<!-- PjrbExceptionHandler 사용시  -->
 	<bean id="exceptionHandlerExceptionResolver" class="org.springframework.web.servlet.mvc.method.annotation.ExceptionHandlerExceptionResolver" />
 	 	
	<!-- for JFile -->
	<bean class="org.springframework.web.servlet.view.BeanNameViewResolver" p:order="0"/>

	<bean class="org.springframework.web.servlet.view.UrlBasedViewResolver" p:order="1" p:prefix="/WEB-INF/jsp/" p:suffix=".jsp" p:viewClass="org.springframework.web.servlet.view.JstlView"/>
	
	<!-- Ajax Json View -->
	<bean name="ajaxMainView" class="org.springframework.web.servlet.view.json.MappingJackson2JsonView" />
	
	<mvc:interceptors>
		<mvc:interceptor>
            <mvc:mapping path="/user/**" />
            <mvc:mapping path="/main.do" />
        	<bean class="pjrb.user.web.UserInterceptor" />
        </mvc:interceptor>
        <mvc:interceptor>
            <mvc:mapping path="/cms/**" />
            <mvc:mapping path="/cms/main.do" />
            <mvc:exclude-mapping path="/cms/login.do"/>
        	<bean class="pjrb.cms.web.CmsInterceptor" />
        </mvc:interceptor>
    </mvc:interceptors>
    
  <!--   <aop:aspectj-autoproxy />
	<bean id="CmsAspect" class="pjrb.cms.web.CmsAspect" /> -->

</beans>