<?xml version="1.0" encoding="UTF-8"?>
<!DOCTYPE configuration PUBLIC "-//mybatis.org//DTD Config 3.0//EN" "http://mybatis.org/dtd/mybatis-3-config.dtd">
<configuration>

	<!--Mybatis 설정 -->
	<settings>
		<!-- 전통적인 데이터베이스 컬럼명 형태인 A_COLUMN을 CamelCase형태의 자바 프로퍼티명 형태인 aColumn으로 자동으로 매핑하도록 함 -->
		<setting name="mapUnderscoreToCamelCase" value="true"/>
		<setting name="jdbcTypeForNull" value="VARCHAR"/>
	</settings>
	
	<!-- Type Aliases 설정-->
	<typeAliases>
		<typeAlias alias="egovMap" 			type="egovframework.rte.psl.dataaccess.util.EgovMap" />
		<typeAlias alias="FileVO"			type="egovframework.com.cmm.service.FileVO" />
		<typeAlias alias="ComDefaultCodeVO" type="egovframework.com.cmm.ComDefaultCodeVO"/>
		<typeAlias alias="UserInfVO"        type="egovframework.com.cop.com.service.UserInfVO"/>
		<typeAlias alias="cmsMenuVO" 	    type="pjrb.cms.menu.service.CmsMenuVO"/>
	</typeAliases>
    
</configuration>